2000215	20260125	202601	2026	2026.068493	CIVMX	Civilians	MX					CIV			GOVMX	Government	MX					GOV			1	141	141	14	3	-1.8	41	14	12	-0.23	3	Mexico City, Ciudad de Mexico, Mexico	MX	MX-CMX		19.4326	-99.1332	MX-903028	3	Mexico City, Ciudad de Mexico, Mexico	MX	MX-CMX		19.4326	3	Mexico City, Ciudad de Mexico, Mexico	MX	MX-CMX	19.4326	-99.1332	MX-8052503	20260125	https://example.com/mx/20260125/2000215
2000293	20260125	202601	2026	2026.068493	CIVNZ	Civilians	NZ					CIV			GOVNZ	Government	NZ					GOV			1	141	141	14	1	-0.7	20	21	11	-0.52	3	Auckland, Auckland, New Zealand	NZ	NZ-AUK		-36.8485	174.7633	NZ-857524	3	Auckland, Auckland, New Zealand	NZ	NZ-AUK		-36.8485	3	Auckland, Auckland, New Zealand	NZ	NZ-AUK	-36.8485	174.7633	NZ-4574477	20260125	https://example.com/nz/20260125/2000293
2000170	20260125	202601	2026	2026.068493	CIVIR	Civilians	IR					CIV			GOVIR	Government	IR					GOV			1	141	141	14	3	-5.3	51	18	37	-3.23	3	Shiraz, Fars, Iran	IR	IR-07		29.5918	52.5837	IR-942700	3	Shiraz, Fars, Iran	IR	IR-07		29.5918	3	Shiraz, Fars, Iran	IR	IR-07	29.5918	52.5837	IR-3177199	20260125	https://example.com/ir/20260125/2000170
2000219	20260125	202601	2026	2026.068493	CIVMX	Civilians	MX					CIV			GOVMX	Government	MX					GOV			1	141	141	14	3	-2.4	35	7	5	-5.24	3	Mexico City, Ciudad de Mexico, Mexico	MX	MX-CMX		19.4326	-99.1332	MX-135207	3	Mexico City, Ciudad de Mexico, Mexico	MX	MX-CMX		19.4326	3	Mexico City, Ciudad de Mexico, Mexico	MX	MX-CMX	19.4326	-99.1332	MX-8490038	20260125	https://example.com/mx/20260125/2000219
2000169	20260125	202601	2026	2026.068493	CIVIR	Civilians	IR					CIV			GOVIR	Government	IR					GOV			1	1412	141	14	4	-5.9	70	8	8	1.39	3	Shiraz, Fars, Iran	IR	IR-07		29.5918	52.5837	IR-930541	3	Shiraz, Fars, Iran	IR	IR-07		29.5918	3	Shiraz, Fars, Iran	IR	IR-07	29.5918	52.5837	IR-3329967	20260125	https://example.com/ir/20260125/2000169
2000163	20260125	202601	2026	2026.068493	CIVIR	Civilians	IR					CIV			GOVIR	Government	IR					GOV			1	141	141	14	3	-7.9	23	20	44	-0.14	3	Isfahan, Isfahan, Iran	IR	IR-04		32.6546	51.668	IR-136489	3	Isfahan, Isfahan, Iran	IR	IR-04		32.6546	3	Isfahan, Isfahan, Iran	IR	IR-04	32.6546	51.668	IR-3117788	20260125	https://example.com/ir/20260125/2000163
2000256	20260125	202601	2026	2026.068493	CIVIN	Civilians	IN					CIV			GOVIN	Government	IN					GOV			1	1411	141	14	3	-2.9	80	18	12	-0.89	3	Delhi, Delhi, India	IN	IN-DL		28.7041	77.1025	IN-676820	3	Delhi, Delhi, India	IN	IN-DL		28.7041	3	Delhi, Delhi, India	IN	IN-DL	28.7041	77.1025	IN-1451577	20260125	https://example.com/in/20260125/2000256
2000191	20260125	202601	2026	2026.068493	CIVFR	Civilians	FR					CIV			GOVFR	Government	FR					GOV			1	1413	141	14	4	-4.2	23	22	16	-5.76	3	Lyon, Auvergne-Rhone-Alpes, France	FR	FR-ARA		45.764	4.8357	FR-834549	3	Lyon, Auvergne-Rhone-Alpes, France	FR	FR-ARA		45.764	3	Lyon, Auvergne-Rhone-Alpes, France	FR	FR-ARA	45.764	4.8357	FR-2843740	20260125	https://example.com/fr/20260125/2000191
2000295	20260125	202601	2026	2026.068493	CIVNZ	Civilians	NZ					CIV			GOVNZ	Government	NZ					GOV			1	1413	141	14	1	-0.3	11	5	16	-1.25	3	Auckland, Auckland, New Zealand	NZ	NZ-AUK		-36.8485	174.7633	NZ-188341	3	Auckland, Auckland, New Zealand	NZ	NZ-AUK		-36.8485	3	Auckland, Auckland, New Zealand	NZ	NZ-AUK	-36.8485	174.7633	NZ-5163551	20260125	https://example.com/nz/20260125/2000295
2000238	20260125	202601	2026	2026.068493	CIVBR	Civilians	BR					CIV			GOVBR	Government	BR					GOV			1	1413	141	14	3	-0.9	77	8	45	-4.31	3	Rio de Janeiro, Rio de Janeiro, Brazil	BR	BR-RJ		-22.9068	-43.1729	BR-817269	3	Rio de Janeiro, Rio de Janeiro, Brazil	BR	BR-RJ		-22.9068	3	Rio de Janeiro, Rio de Janeiro, Brazil	BR	BR-RJ	-22.9068	-43.1729	BR-2352527	20260125	https://example.com/br/20260125/2000238
2000188	20260125	202601	2026	2026.068493	CIVFR	Civilians	FR					CIV			GOVFR	Government	FR					GOV			1	1411	141	14	4	-5.5	46	20	21	-4.78	3	Marseille, Provence-Alpes-Cote d'Azur, France	FR	FR-PAC		43.2965	5.3698	FR-746447	3	Marseille, Provence-Alpes-Cote d'Azur, France	FR	FR-PAC		43.2965	3	Marseille, Provence-Alpes-Cote d'Azur, France	FR	FR-PAC	43.2965	5.3698	FR-6020319	20260125	https://example.com/fr/20260125/2000188
2000226	20260125	202601	2026	2026.068493	CIVMX	Civilians	MX					CIV			GOVMX	Government	MX					GOV			1	141	141	14	3	-2.1	73	24	13	-5.61	3	Monterrey, Nuevo Leon, Mexico	MX	MX-NLE		25.6866	-100.3161	MX-495489	3	Monterrey, Nuevo Leon, Mexico	MX	MX-NLE		25.6866	3	Monterrey, Nuevo Leon, Mexico	MX	MX-NLE	25.6866	-100.3161	MX-1663497	20260125	https://example.com/mx/20260125/2000226
2000248	20260125	202601	2026	2026.068493	CIVIN	Civilians	IN					CIV			GOVIN	Government	IN					GOV			1	141	141	14	3	-2.3	5	10	29	-3.3	3	Delhi, Delhi, India	IN	IN-DL		28.7041	77.1025	IN-382870	3	Delhi, Delhi, India	IN	IN-DL		28.7041	3	Delhi, Delhi, India	IN	IN-DL	28.7041	77.1025	IN-2715158	20260125	https://example.com/in/20260125/2000248
2000272	20260125	202601	2026	2026.068493	CIVZA	Civilians	ZA					CIV			GOVZA	Government	ZA					GOV			1	1411	141	14	3	-1.8	76	6	32	-3.83	3	Cape Town, Western Cape, South Africa	ZA	ZA-WC		-33.9249	18.4241	ZA-296187	3	Cape Town, Western Cape, South Africa	ZA	ZA-WC		-33.9249	3	Cape Town, Western Cape, South Africa	ZA	ZA-WC	-33.9249	18.4241	ZA-6277776	20260125	https://example.com/za/20260125/2000272
2000283	20260125	202601	2026	2026.068493	CIVCA	Civilians	CA					CIV			GOVCA	Government	CA					GOV			1	1413	141	14	1	-0.6	3	21	50	-2.08	3	Toronto, Ontario, Canada	CA	CA-ON		43.6532	-79.3832	CA-640659	3	Toronto, Ontario, Canada	CA	CA-ON		43.6532	3	Toronto, Ontario, Canada	CA	CA-ON	43.6532	-79.3832	CA-5667852	20260125	https://example.com/ca/20260125/2000283
2000270	20260125	202601	2026	2026.068493	CIVZA	Civilians	ZA					CIV			GOVZA	Government	ZA					GOV			1	1412	141	14	3	-1.9	80	3	44	-5.0	3	Cape Town, Western Cape, South Africa	ZA	ZA-WC		-33.9249	18.4241	ZA-223586	3	Cape Town, Western Cape, South Africa	ZA	ZA-WC		-33.9249	3	Cape Town, Western Cape, South Africa	ZA	ZA-WC	-33.9249	18.4241	ZA-5002586	20260125	https://example.com/za/20260125/2000270
2000265	20260125	202601	2026	2026.068493	CIVZA	Civilians	ZA					CIV			GOVZA	Government	ZA					GOV			1	1412	141	14	2	-3.1	21	4	44	1.1	3	Johannesburg, Gauteng, South Africa	ZA	ZA-GP		-26.2041	28.0473	ZA-876459	3	Johannesburg, Gauteng, South Africa	ZA	ZA-GP		-26.2041	3	Johannesburg, Gauteng, South Africa	ZA	ZA-GP	-26.2041	28.0473	ZA-5092180	20260125	https://example.com/za/20260125/2000265
2000189	20260125	202601	2026	2026.068493	CIVFR	Civilians	FR					CIV			GOVFR	Government	FR					GOV			1	1412	141	14	3	-4.1	65	1	24	-3.52	3	Lyon, Auvergne-Rhone-Alpes, France	FR	FR-ARA		45.764	4.8357	FR-214928	3	Lyon, Auvergne-Rhone-Alpes, France	FR	FR-ARA		45.764	3	Lyon, Auvergne-Rhone-Alpes, France	FR	FR-ARA	45.764	4.8357	FR-7988386	20260125	https://example.com/fr/20260125/2000189
2000157	20260125	202601	2026	2026.068493	CIVIR	Civilians	IR					CIV			GOVIR	Government	IR					GOV			1	1412	141	14	4	-5.0	44	17	26	1.42	3	Isfahan, Isfahan, Iran	IR	IR-04		32.6546	51.668	IR-669408	3	Isfahan, Isfahan, Iran	IR	IR-04		32.6546	3	Isfahan, Isfahan, Iran	IR	IR-04	32.6546	51.668	IR-8942330	20260125	https://example.com/ir/20260125/2000157
2000201	20260125	202601	2026	2026.068493	CIVFR	Civilians	FR					CIV			GOVFR	Government	FR					GOV			1	141	141	14	4	-4.9	16	21	37	-4.26	3	Lyon, Auvergne-Rhone-Alpes, France	FR	FR-ARA		45.764	4.8357	FR-874568	3	Lyon, Auvergne-Rhone-Alpes, France	FR	FR-ARA		45.764	3	Lyon, Auvergne-Rhone-Alpes, France	FR	FR-ARA	45.764	4.8357	FR-1625760	20260125	https://example.com/fr/20260125/2000201
2000239	20260125	202601	2026	2026.068493	CIVBR	Civilians	BR					CIV			GOVBR	Government	BR					GOV			1	1413	141	14	3	-2.9	53	13	36	-2.43	3	Brasilia, Distrito Federal, Brazil	BR	BR-DF		-15.7975	-47.8919	BR-767678	3	Brasilia, Distrito Federal, Brazil	BR	BR-DF		-15.7975	3	Brasilia, Distrito Federal, Brazil	BR	BR-DF	-15.7975	-47.8919	BR-1158547	20260125	https://example.com/br/20260125/2000239
2000220	20260125	202601	2026	2026.068493	CIVMX	Civilians	MX					CIV			GOVMX	Government	MX					GOV			1	141	141	14	3	-4.5	56	15	15	-1.95	3	Mexico City, Ciudad de Mexico, Mexico	MX	MX-CMX		19.4326	-99.1332	MX-891030	3	Mexico City, Ciudad de Mexico, Mexico	MX	MX-CMX		19.4326	3	Mexico City, Ciudad de Mexico, Mexico	MX	MX-CMX	19.4326	-99.1332	MX-1946973	20260125	https://example.com/mx/20260125/2000220
2000194	20260125	202601	2026	2026.068493	CIVFR	Civilians	FR					CIV			GOVFR	Government	FR					GOV			1	1411	141	14	3	-4.7	63	18	22	-1.9	3	Lyon, Auvergne-Rhone-Alpes, France	FR	FR-ARA		45.764	4.8357	FR-808699	3	Lyon, Auvergne-Rhone-Alpes, France	FR	FR-ARA		45.764	3	Lyon, Auvergne-Rhone-Alpes, France	FR	FR-ARA	45.764	4.8357	FR-5435261	20260125	https://example.com/fr/20260125/2000194
2000260	20260125	202601	2026	2026.068493	CIVIN	Civilians	IN					CIV			GOVIN	Government	IN					GOV			1	1412	141	14	3	-1.3	26	21	40	-5.67	3	Mumbai, Maharashtra, India	IN	IN-MH		19.076	72.8777	IN-776364	3	Mumbai, Maharashtra, India	IN	IN-MH		19.076	3	Mumbai, Maharashtra, India	IN	IN-MH	19.076	72.8777	IN-7704473	20260125	https://example.com/in/20260125/2000260
2000161	20260125	202601	2026	2026.068493	CIVIR	Civilians	IR					CIV			GOVIR	Government	IR					GOV			1	1413	141	14	4	-7.3	59	6	45	-2.67	3	Isfahan, Isfahan, Iran	IR	IR-04		32.6546	51.668	IR-568849	3	Isfahan, Isfahan, Iran	IR	IR-04		32.6546	3	Isfahan, Isfahan, Iran	IR	IR-04	32.6546	51.668	IR-1710601	20260125	https://example.com/ir/20260125/2000161
2000279	20260125	202601	2026	2026.068493	CIVCA	Civilians	CA					CIV			GOVCA	Government	CA					GOV			1	1411	141	14	1	-0.3	27	7	4	0.07	3	Vancouver, British Columbia, Canada	CA	CA-BC		49.2827	-123.1207	CA-658136	3	Vancouver, British Columbia, Canada	CA	CA-BC		49.2827	3	Vancouver, British Columbia, Canada	CA	CA-BC	49.2827	-123.1207	CA-5715824	20260125	https://example.com/ca/20260125/2000279
2000211	20260125	202601	2026	2026.068493	CIVMX	Civilians	MX					CIV			GOVMX	Government	MX					GOV			1	141	141	14	3	-1.8	12	18	33	-4.48	3	Monterrey, Nuevo Leon, Mexico	MX	MX-NLE		25.6866	-100.3161	MX-662728	3	Monterrey, Nuevo Leon, Mexico	MX	MX-NLE		25.6866	3	Monterrey, Nuevo Leon, Mexico	MX	MX-NLE	25.6866	-100.3161	MX-3514105	20260125	https://example.com/mx/20260125/2000211
2000210	20260125	202601	2026	2026.068493	CIVFR	Civilians	FR					CIV			GOVFR	Government	FR					GOV			1	1413	141	14	4	-3.5	73	22	14	-0.29	3	Marseille, Provence-Alpes-Cote d'Azur, France	FR	FR-PAC		43.2965	5.3698	FR-813390	3	Marseille, Provence-Alpes-Cote d'Azur, France	FR	FR-PAC		43.2965	3	Marseille, Provence-Alpes-Cote d'Azur, France	FR	FR-PAC	43.2965	5.3698	FR-2373555	20260125	https://example.com/fr/20260125/2000210
2000178	20260125	202601	2026	2026.068493	CIVIR	Civilians	IR					CIV			GOVIR	Government	IR					GOV			1	141	141	14	4	-6.7	25	15	27	-2.37	3	Isfahan, Isfahan, Iran	IR	IR-04		32.6546	51.668	IR-313933	3	Isfahan, Isfahan, Iran	IR	IR-04		32.6546	3	Isfahan, Isfahan, Iran	IR	IR-04	32.6546	51.668	IR-6707484	20260125	https://example.com/ir/20260125/2000178
2000207	20260125	202601	2026	2026.068493	CIVFR	Civilians	FR					CIV			GOVFR	Government	FR					GOV			1	1412	141	14	3	-5.1	43	19	47	-1.7	3	Marseille, Provence-Alpes-Cote d'Azur, France	FR	FR-PAC		43.2965	5.3698	FR-374258	3	Marseille, Provence-Alpes-Cote d'Azur, France	FR	FR-PAC		43.2965	3	Marseille, Provence-Alpes-Cote d'Azur, France	FR	FR-PAC	43.2965	5.3698	FR-7032283	20260125	https://example.com/fr/20260125/2000207
2000179	20260125	202601	2026	2026.068493	CIVIR	Civilians	IR					CIV			GOVIR	Government	IR					GOV			1	1412	141	14	4	-5.6	56	5	49	-3.22	3	Shiraz, Fars, Iran	IR	IR-07		29.5918	52.5837	IR-688933	3	Shiraz, Fars, Iran	IR	IR-07		29.5918	3	Shiraz, Fars, Iran	IR	IR-07	29.5918	52.5837	IR-2781470	20260125	https://example.com/ir/20260125/2000179
2000242	20260125	202601	2026	2026.068493	CIVBR	Civilians	BR					CIV			GOVBR	Government	BR					GOV			1	1412	141	14	2	-1.0	1	7	38	-1.85	3	Sao Paulo, Sao Paulo, Brazil	BR	BR-SP		-23.5505	-46.6333	BR-960556	3	Sao Paulo, Sao Paulo, Brazil	BR	BR-SP		-23.5505	3	Sao Paulo, Sao Paulo, Brazil	BR	BR-SP	-23.5505	-46.6333	BR-7682298	20260125	https://example.com/br/20260125/2000242
2000176	20260125	202601	2026	2026.068493	CIVIR	Civilians	IR					CIV			GOVIR	Government	IR					GOV			1	141	141	14	3	-5.2	15	2	42	-0.22	3	Tehran, Tehran, Iran	IR	IR-23		35.6892	51.389	IR-377511	3	Tehran, Tehran, Iran	IR	IR-23		35.6892	3	Tehran, Tehran, Iran	IR	IR-23	35.6892	51.389	IR-4536777	20260125	https://example.com/ir/20260125/2000176
2000276	20260125	202601	2026	2026.068493	CIVCA	Civilians	CA					CIV			GOVCA	Government	CA					GOV			1	141	141	14	2	-0.5	9	25	35	1.2	3	Vancouver, British Columbia, Canada	CA	CA-BC		49.2827	-123.1207	CA-484682	3	Vancouver, British Columbia, Canada	CA	CA-BC		49.2827	3	Vancouver, British Columbia, Canada	CA	CA-BC	49.2827	-123.1207	CA-1698108	20260125	https://example.com/ca/20260125/2000276
2000237	20260125	202601	2026	2026.068493	CIVBR	Civilians	BR					CIV			GOVBR	Government	BR					GOV			1	1411	141	14	3	-2.7	72	9	23	-4.0	3	Sao Paulo, Sao Paulo, Brazil	BR	BR-SP		-23.5505	-46.6333	BR-516176	3	Sao Paulo, Sao Paulo, Brazil	BR	BR-SP		-23.5505	3	Sao Paulo, Sao Paulo, Brazil	BR	BR-SP	-23.5505	-46.6333	BR-2325722	20260125	https://example.com/br/20260125/2000237
2000199	20260125	202601	2026	2026.068493	CIVFR	Civilians	FR					CIV			GOVFR	Government	FR					GOV			1	1411	141	14	4	-5.2	11	4	27	-3.52	3	Paris, Ile-de-France, France	FR	FR-IDF		48.8566	2.3522	FR-595351	3	Paris, Ile-de-France, France	FR	FR-IDF		48.8566	3	Paris, Ile-de-France, France	FR	FR-IDF	48.8566	2.3522	FR-2686863	20260125	https://example.com/fr/20260125/2000199
2000208	20260125	202601	2026	2026.068493	CIVFR	Civilians	FR					CIV			GOVFR	Government	FR					GOV			1	141	141	14	4	-5.2	64	10	11	-2.96	3	Lyon, Auvergne-Rhone-Alpes, France	FR	FR-ARA		45.764	4.8357	FR-626930	3	Lyon, Auvergne-Rhone-Alpes, France	FR	FR-ARA		45.764	3	Lyon, Auvergne-Rhone-Alpes, France	FR	FR-ARA	45.764	4.8357	FR-6217344	20260125	https://example.com/fr/20260125/2000208
2000252	20260125	202601	2026	2026.068493	CIVIN	Civilians	IN					CIV			GOVIN	Government	IN					GOV			1	1413	141	14	3	-2.1	14	12	17	1.08	3	Delhi, Delhi, India	IN	IN-DL		28.7041	77.1025	IN-855917	3	Delhi, Delhi, India	IN	IN-DL		28.7041	3	Delhi, Delhi, India	IN	IN-DL	28.7041	77.1025	IN-9318184	20260125	https://example.com/in/20260125/2000252
2000227	20260125	202601	2026	2026.068493	CIVMX	Civilians	MX					CIV			GOVMX	Government	MX					GOV			1	1411	141	14	3	-2.6	66	7	22	-3.73	3	Mexico City, Ciudad de Mexico, Mexico	MX	MX-CMX		19.4326	-99.1332	MX-116078	3	Mexico City, Ciudad de Mexico, Mexico	MX	MX-CMX		19.4326	3	Mexico City, Ciudad de Mexico, Mexico	MX	MX-CMX	19.4326	-99.1332	MX-4553544	20260125	https://example.com/mx/20260125/2000227
2000273	20260125	202601	2026	2026.068493	CIVZA	Civilians	ZA					CIV			GOVZA	Government	ZA					GOV			1	1413	141	14	2	-1.0	5	7	25	1.84	3	Cape Town, Western Cape, South Africa	ZA	ZA-WC		-33.9249	18.4241	ZA-629990	3	Cape Town, Western Cape, South Africa	ZA	ZA-WC		-33.9249	3	Cape Town, Western Cape, South Africa	ZA	ZA-WC	-33.9249	18.4241	ZA-9304216	20260125	https://example.com/za/20260125/2000273
2000289	20260125	202601	2026	2026.068493	CIVJP	Civilians	JP					CIV			GOVJP	Government	JP					GOV			1	1411	141	14	1	-0.1	2	13	41	-1.13	3	Nagoya, Aichi, Japan	JP	JP-23		35.1815	136.9066	JP-833417	3	Nagoya, Aichi, Japan	JP	JP-23		35.1815	3	Nagoya, Aichi, Japan	JP	JP-23	35.1815	136.9066	JP-4928281	20260125	https://example.com/jp/20260125/2000289
2000187	20260125	202601	2026	2026.068493	CIVFR	Civilians	FR					CIV			GOVFR	Government	FR					GOV			1	141	141	14	4	-4.2	9	5	46	-3.5	3	Paris, Ile-de-France, France	FR	FR-IDF		48.8566	2.3522	FR-596756	3	Paris, Ile-de-France, France	FR	FR-IDF		48.8566	3	Paris, Ile-de-France, France	FR	FR-IDF	48.8566	2.3522	FR-9712957	20260125	https://example.com/fr/20260125/2000187
2000155	20260125	202601	2026	2026.068493	CIVIR	Civilians	IR					CIV			GOVIR	Government	IR					GOV			1	1412	141	14	4	-8.1	22	2	23	-1.9	3	Isfahan, Isfahan, Iran	IR	IR-04		32.6546	51.668	IR-953025	3	Isfahan, Isfahan, Iran	IR	IR-04		32.6546	3	Isfahan, Isfahan, Iran	IR	IR-04	32.6546	51.668	IR-3937508	20260125	https://example.com/ir/20260125/2000155
2000261	20260125	202601	2026	2026.068493	CIVZA	Civilians	ZA					CIV			GOVZA	Government	ZA					GOV			1	1412	141	14	3	-3.4	33	17	48	-2.11	3	Cape Town, Western Cape, South Africa	ZA	ZA-WC		-33.9249	18.4241	ZA-708717	3	Cape Town, Western Cape, South Africa	ZA	ZA-WC		-33.9249	3	Cape Town, Western Cape, South Africa	ZA	ZA-WC	-33.9249	18.4241	ZA-4708297	20260125	https://example.com/za/20260125/2000261
2000204	20260125	202601	2026	2026.068493	CIVFR	Civilians	FR					CIV			GOVFR	Government	FR					GOV			1	1411	141	14	3	-4.4	19	11	11	-0.52	3	Lyon, Auvergne-Rhone-Alpes, France	FR	FR-ARA		45.764	4.8357	FR-779776	3	Lyon, Auvergne-Rhone-Alpes, France	FR	FR-ARA		45.764	3	Lyon, Auvergne-Rhone-Alpes, France	FR	FR-ARA	45.764	4.8357	FR-5316188	20260125	https://example.com/fr/20260125/2000204
2000200	20260125	202601	2026	2026.068493	CIVFR	Civilians	FR					CIV			GOVFR	Government	FR					GOV			1	141	141	14	4	-3.3	75	6	27	-1.1	3	Lyon, Auvergne-Rhone-Alpes, France	FR	FR-ARA		45.764	4.8357	FR-598807	3	Lyon, Auvergne-Rhone-Alpes, France	FR	FR-ARA		45.764	3	Lyon, Auvergne-Rhone-Alpes, France	FR	FR-ARA	45.764	4.8357	FR-9010256	20260125	https://example.com/fr/20260125/2000200
2000266	20260125	202601	2026	2026.068493	CIVZA	Civilians	ZA					CIV			GOVZA	Government	ZA					GOV			1	1411	141	14	3	-3.0	47	18	28	1.19	3	Durban, KwaZulu-Natal, South Africa	ZA	ZA-KZN		-29.8587	31.0218	ZA-343118	3	Durban, KwaZulu-Natal, South Africa	ZA	ZA-KZN		-29.8587	3	Durban, KwaZulu-Natal, South Africa	ZA	ZA-KZN	-29.8587	31.0218	ZA-7795568	20260125	https://example.com/za/20260125/2000266
2000277	20260125	202601	2026	2026.068493	CIVCA	Civilians	CA					CIV			GOVCA	Government	CA					GOV			1	1411	141	14	1	-0.6	10	2	29	-1.32	3	Vancouver, British Columbia, Canada	CA	CA-BC		49.2827	-123.1207	CA-956401	3	Vancouver, British Columbia, Canada	CA	CA-BC		49.2827	3	Vancouver, British Columbia, Canada	CA	CA-BC	49.2827	-123.1207	CA-2459332	20260125	https://example.com/ca/20260125/2000277
2000221	20260125	202601	2026	2026.068493	CIVMX	Civilians	MX					CIV			GOVMX	Government	MX					GOV			1	1412	141	14	3	-2.2	78	20	50	-0.96	3	Ciudad Juarez, Chihuahua, Mexico	MX	MX-CHH		31.6904	-106.4245	MX-436241	3	Ciudad Juarez, Chihuahua, Mexico	MX	MX-CHH		31.6904	3	Ciudad Juarez, Chihuahua, Mexico	MX	MX-CHH	31.6904	-106.4245	MX-4974590	20260125	https://example.com/mx/20260125/2000221
2000177	20260125	202601	2026	2026.068493	CIVIR	Civilians	IR					CIV			GOVIR	Government	IR					GOV			1	1412	141	14	4	-4.9	43	16	16	0.04	3	Mashhad, Razavi Khorasan, Iran	IR	IR-30		36.2605	59.6168	IR-818264	3	Mashhad, Razavi Khorasan, Iran	IR	IR-30		36.2605	3	Mashhad, Razavi Khorasan, Iran	IR	IR-30	36.2605	59.6168	IR-7813102	20260125	https://example.com/ir/20260125/2000177
2000192	20260125	202601	2026	2026.068493	CIVFR	Civilians	FR					CIV			GOVFR	Government	FR					GOV			1	1412	141	14	4	-5.9	58	5	27	-0.82	3	Paris, Ile-de-France, France	FR	FR-IDF		48.8566	2.3522	FR-530311	3	Paris, Ile-de-France, France	FR	FR-IDF		48.8566	3	Paris, Ile-de-France, France	FR	FR-IDF	48.8566	2.3522	FR-9419134	20260125	https://example.com/fr/20260125/2000192
2000225	20260125	202601	2026	2026.068493	CIVMX	Civilians	MX					CIV			GOVMX	Government	MX					GOV			1	1411	141	14	2	-3.3	13	8	17	-1.58	3	Mexico City, Ciudad de Mexico, Mexico	MX	MX-CMX		19.4326	-99.1332	MX-778120	3	Mexico City, Ciudad de Mexico, Mexico	MX	MX-CMX		19.4326	3	Mexico City, Ciudad de Mexico, Mexico	MX	MX-CMX	19.4326	-99.1332	MX-2326581	20260125	https://example.com/mx/20260125/2000225
2000196	20260125	202601	2026	2026.068493	CIVFR	Civilians	FR					CIV			GOVFR	Government	FR					GOV			1	1412	141	14	3	-4.3	41	4	37	-0.93	3	Marseille, Provence-Alpes-Cote d'Azur, France	FR	FR-PAC		43.2965	5.3698	FR-498138	3	Marseille, Provence-Alpes-Cote d'Azur, France	FR	FR-PAC		43.2965	3	Marseille, Provence-Alpes-Cote d'Azur, France	FR	FR-PAC	43.2965	5.3698	FR-7619156	20260125	https://example.com/fr/20260125/2000196
2000202	20260125	202601	2026	2026.068493	CIVFR	Civilians	FR					CIV			GOVFR	Government	FR					GOV			1	1411	141	14	4	-4.5	9	13	32	-4.6	3	Paris, Ile-de-France, France	FR	FR-IDF		48.8566	2.3522	FR-885386	3	Paris, Ile-de-France, France	FR	FR-IDF		48.8566	3	Paris, Ile-de-France, France	FR	FR-IDF	48.8566	2.3522	FR-5856449	20260125	https://example.com/fr/20260125/2000202
2000186	20260125	202601	2026	2026.068493	CIVFR	Civilians	FR					CIV			GOVFR	Government	FR					GOV			1	141	141	14	3	-3.6	21	4	26	-3.2	3	Lyon, Auvergne-Rhone-Alpes, France	FR	FR-ARA		45.764	4.8357	FR-455556	3	Lyon, Auvergne-Rhone-Alpes, France	FR	FR-ARA		45.764	3	Lyon, Auvergne-Rhone-Alpes, France	FR	FR-ARA	45.764	4.8357	FR-7133857	20260125	https://example.com/fr/20260125/2000186
2000153	20260125	202601	2026	2026.068493	CIVIR	Civilians	IR					CIV			GOVIR	Government	IR					GOV			1	141	141	14	4	-4.6	72	18	33	-0.1	3	Shiraz, Fars, Iran	IR	IR-07		29.5918	52.5837	IR-632280	3	Shiraz, Fars, Iran	IR	IR-07		29.5918	3	Shiraz, Fars, Iran	IR	IR-07	29.5918	52.5837	IR-1341153	20260125	https://example.com/ir/20260125/2000153
2000282	20260125	202601	2026	2026.068493	CIVCA	Civilians	CA					CIV			GOVCA	Government	CA					GOV			1	1412	141	14	1	-1.0	27	8	49	1.3	3	Toronto, Ontario, Canada	CA	CA-ON		43.6532	-79.3832	CA-511776	3	Toronto, Ontario, Canada	CA	CA-ON		43.6532	3	Toronto, Ontario, Canada	CA	CA-ON	43.6532	-79.3832	CA-9211754	20260125	https://example.com/ca/20260125/2000282
2000162	20260125	202601	2026	2026.068493	CIVIR	Civilians	IR					CIV			GOVIR	Government	IR					GOV			1	1413	141	14	4	-6.0	40	21	4	-5.44	3	Isfahan, Isfahan, Iran	IR	IR-04		32.6546	51.668	IR-768480	3	Isfahan, Isfahan, Iran	IR	IR-04		32.6546	3	Isfahan, Isfahan, Iran	IR	IR-04	32.6546	51.668	IR-7815076	20260125	https://example.com/ir/20260125/2000162
2000286	20260125	202601	2026	2026.068493	CIVJP	Civilians	JP					CIV			GOVJP	Government	JP					GOV			1	1412	141	14	1	-0.7	11	18	37	-1.91	3	Osaka, Osaka, Japan	JP	JP-27		34.6937	135.5023	JP-993829	3	Osaka, Osaka, Japan	JP	JP-27		34.6937	3	Osaka, Osaka, Japan	JP	JP-27	34.6937	135.5023	JP-9142618	20260125	https://example.com/jp/20260125/2000286
2000232	20260125	202601	2026	2026.068493	CIVBR	Civilians	BR					CIV			GOVBR	Government	BR					GOV			1	1412	141	14	3	-1.8	37	25	32	1.25	3	Rio de Janeiro, Rio de Janeiro, Brazil	BR	BR-RJ		-22.9068	-43.1729	BR-772865	3	Rio de Janeiro, Rio de Janeiro, Brazil	BR	BR-RJ		-22.9068	3	Rio de Janeiro, Rio de Janeiro, Brazil	BR	BR-RJ	-22.9068	-43.1729	BR-9230828	20260125	https://example.com/br/20260125/2000232
2000175	20260125	202601	2026	2026.068493	CIVIR	Civilians	IR					CIV			GOVIR	Government	IR					GOV			1	1411	141	14	3	-8.1	80	19	10	-4.72	3	Shiraz, Fars, Iran	IR	IR-07		29.5918	52.5837	IR-754813	3	Shiraz, Fars, Iran	IR	IR-07		29.5918	3	Shiraz, Fars, Iran	IR	IR-07	29.5918	52.5837	IR-6664316	20260125	https://example.com/ir/20260125/2000175
2000174	20260125	202601	2026	2026.068493	CIVIR	Civilians	IR					CIV			GOVIR	Government	IR					GOV			1	1412	141	14	4	-4.7	15	9	13	-1.24	3	Isfahan, Isfahan, Iran	IR	IR-04		32.6546	51.668	IR-677599	3	Isfahan, Isfahan, Iran	IR	IR-04		32.6546	3	Isfahan, Isfahan, Iran	IR	IR-04	32.6546	51.668	IR-5604524	20260125	https://example.com/ir/20260125/2000174
2000181	20260125	202601	2026	2026.068493	CIVIR	Civilians	IR					CIV			GOVIR	Government	IR					GOV			1	1411	141	14	4	-4.6	46	19	47	-3.65	3	Mashhad, Razavi Khorasan, Iran	IR	IR-30		36.2605	59.6168	IR-900190	3	Mashhad, Razavi Khorasan, Iran	IR	IR-30		36.2605	3	Mashhad, Razavi Khorasan, Iran	IR	IR-30	36.2605	59.6168	IR-3673322	20260125	https://example.com/ir/20260125/2000181
2000254	20260125	202601	2026	2026.068493	CIVIN	Civilians	IN					CIV			GOVIN	Government	IN					GOV			1	1411	141	14	2	-2.1	10	11	39	1.76	3	Delhi, Delhi, India	IN	IN-DL		28.7041	77.1025	IN-310608	3	Delhi, Delhi, India	IN	IN-DL		28.7041	3	Delhi, Delhi, India	IN	IN-DL	28.7041	77.1025	IN-9036449	20260125	https://example.com/in/20260125/2000254
2000182	20260125	202601	2026	2026.068493	CIVIR	Civilians	IR					CIV			GOVIR	Government	IR					GOV			1	1413	141	14	3	-4.5	68	10	32	-5.83	3	Mashhad, Razavi Khorasan, Iran	IR	IR-30		36.2605	59.6168	IR-512344	3	Mashhad, Razavi Khorasan, Iran	IR	IR-30		36.2605	3	Mashhad, Razavi Khorasan, Iran	IR	IR-30	36.2605	59.6168	IR-9479950	20260125	https://example.com/ir/20260125/2000182
2000299	20260125	202601	2026	2026.068493	CIVNZ	Civilians	NZ					CIV			GOVNZ	Government	NZ					GOV			1	1413	141	14	1	-0.6	25	3	2	0.14	3	Christchurch, Canterbury, New Zealand	NZ	NZ-CAN		-43.5321	172.6362	NZ-114463	3	Christchurch, Canterbury, New Zealand	NZ	NZ-CAN		-43.5321	3	Christchurch, Canterbury, New Zealand	NZ	NZ-CAN	-43.5321	172.6362	NZ-5398739	20260125	https://example.com/nz/20260125/2000299
2000156	20260125	202601	2026	2026.068493	CIVIR	Civilians	IR					CIV			GOVIR	Government	IR					GOV			1	1413	141	14	4	-4.6	28	5	5	-0.63	3	Mashhad, Razavi Khorasan, Iran	IR	IR-30		36.2605	59.6168	IR-579911	3	Mashhad, Razavi Khorasan, Iran	IR	IR-30		36.2605	3	Mashhad, Razavi Khorasan, Iran	IR	IR-30	36.2605	59.6168	IR-1620485	20260125	https://example.com/ir/20260125/2000156
2000151	20260125	202601	2026	2026.068493	CIVIR	Civilians	IR					CIV			GOVIR	Government	IR					GOV			1	1413	141	14	4	-6.8	13	4	32	-1.52	3	Shiraz, Fars, Iran	IR	IR-07		29.5918	52.5837	IR-117233	3	Shiraz, Fars, Iran	IR	IR-07		29.5918	3	Shiraz, Fars, Iran	IR	IR-07	29.5918	52.5837	IR-9646569	20260125	https://example.com/ir/20260125/2000151
2000267	20260125	202601	2026	2026.068493	CIVZA	Civilians	ZA					CIV			GOVZA	Government	ZA					GOV			1	141	141	14	3	-2.3	30	15	38	-2.78	3	Durban, KwaZulu-Natal, South Africa	ZA	ZA-KZN		-29.8587	31.0218	ZA-104666	3	Durban, KwaZulu-Natal, South Africa	ZA	ZA-KZN		-29.8587	3	Durban, KwaZulu-Natal, South Africa	ZA	ZA-KZN	-29.8587	31.0218	ZA-4603680	20260125	https://example.com/za/20260125/2000267
2000180	20260125	202601	2026	2026.068493	CIVIR	Civilians	IR					CIV			GOVIR	Government	IR					GOV			1	141	141	14	4	-7.5	39	15	16	-4.94	3	Isfahan, Isfahan, Iran	IR	IR-04		32.6546	51.668	IR-153063	3	Isfahan, Isfahan, Iran	IR	IR-04		32.6546	3	Isfahan, Isfahan, Iran	IR	IR-04	32.6546	51.668	IR-5868949	20260125	https://example.com/ir/20260125/2000180
2000275	20260125	202601	2026	2026.068493	CIVZA	Civilians	ZA					CIV			GOVZA	Government	ZA					GOV			1	1411	141	14	2	-2.1	25	15	37	0.84	3	Johannesburg, Gauteng, South Africa	ZA	ZA-GP		-26.2041	28.0473	ZA-903124	3	Johannesburg, Gauteng, South Africa	ZA	ZA-GP		-26.2041	3	Johannesburg, Gauteng, South Africa	ZA	ZA-GP	-26.2041	28.0473	ZA-9309978	20260125	https://example.com/za/20260125/2000275
2000164	20260125	202601	2026	2026.068493	CIVIR	Civilians	IR					CIV			GOVIR	Government	IR					GOV			1	1412	141	14	4	-7.6	51	13	37	-5.76	3	Tehran, Tehran, Iran	IR	IR-23		35.6892	51.389	IR-260891	3	Tehran, Tehran, Iran	IR	IR-23		35.6892	3	Tehran, Tehran, Iran	IR	IR-23	35.6892	51.389	IR-8548448	20260125	https://example.com/ir/20260125/2000164
2000183	20260125	202601	2026	2026.068493	CIVIR	Civilians	IR					CIV			GOVIR	Government	IR					GOV			1	141	141	14	4	-7.1	41	16	39	0.62	3	Mashhad, Razavi Khorasan, Iran	IR	IR-30		36.2605	59.6168	IR-786041	3	Mashhad, Razavi Khorasan, Iran	IR	IR-30		36.2605	3	Mashhad, Razavi Khorasan, Iran	IR	IR-30	36.2605	59.6168	IR-8895137	20260125	https://example.com/ir/20260125/2000183
2000258	20260125	202601	2026	2026.068493	CIVIN	Civilians	IN					CIV			GOVIN	Government	IN					GOV			1	1412	141	14	3	-2.0	35	9	43	-4.84	3	Bengaluru, Karnataka, India	IN	IN-KA		12.9716	77.5946	IN-543681	3	Bengaluru, Karnataka, India	IN	IN-KA		12.9716	3	Bengaluru, Karnataka, India	IN	IN-KA	12.9716	77.5946	IN-7324856	20260125	https://example.com/in/20260125/2000258
2000249	20260125	202601	2026	2026.068493	CIVIN	Civilians	IN					CIV			GOVIN	Government	IN					GOV			1	1413	141	14	3	-1.8	18	1	6	-3.35	3	Mumbai, Maharashtra, India	IN	IN-MH		19.076	72.8777	IN-197584	3	Mumbai, Maharashtra, India	IN	IN-MH		19.076	3	Mumbai, Maharashtra, India	IN	IN-MH	19.076	72.8777	IN-6443037	20260125	https://example.com/in/20260125/2000249
2000250	20260125	202601	2026	2026.068493	CIVIN	Civilians	IN					CIV			GOVIN	Government	IN					GOV			1	1413	141	14	3	-3.2	54	25	6	-0.56	3	Delhi, Delhi, India	IN	IN-DL		28.7041	77.1025	IN-686716	3	Delhi, Delhi, India	IN	IN-DL		28.7041	3	Delhi, Delhi, India	IN	IN-DL	28.7041	77.1025	IN-5072543	20260125	https://example.com/in/20260125/2000250
2000223	20260125	202601	2026	2026.068493	CIVMX	Civilians	MX					CIV			GOVMX	Government	MX					GOV			1	1413	141	14	3	-4.1	72	11	45	-2.88	3	Monterrey, Nuevo Leon, Mexico	MX	MX-NLE		25.6866	-100.3161	MX-256466	3	Monterrey, Nuevo Leon, Mexico	MX	MX-NLE		25.6866	3	Monterrey, Nuevo Leon, Mexico	MX	MX-NLE	25.6866	-100.3161	MX-6031294	20260125	https://example.com/mx/20260125/2000223
2000233	20260125	202601	2026	2026.068493	CIVBR	Civilians	BR					CIV			GOVBR	Government	BR					GOV			1	1413	141	14	3	-2.6	28	18	42	1.18	3	Rio de Janeiro, Rio de Janeiro, Brazil	BR	BR-RJ		-22.9068	-43.1729	BR-649395	3	Rio de Janeiro, Rio de Janeiro, Brazil	BR	BR-RJ		-22.9068	3	Rio de Janeiro, Rio de Janeiro, Brazil	BR	BR-RJ	-22.9068	-43.1729	BR-1567468	20260125	https://example.com/br/20260125/2000233
2000271	20260125	202601	2026	2026.068493	CIVZA	Civilians	ZA					CIV			GOVZA	Government	ZA					GOV			1	1413	141	14	3	-3.0	58	20	9	-1.69	3	Cape Town, Western Cape, South Africa	ZA	ZA-WC		-33.9249	18.4241	ZA-543588	3	Cape Town, Western Cape, South Africa	ZA	ZA-WC		-33.9249	3	Cape Town, Western Cape, South Africa	ZA	ZA-WC	-33.9249	18.4241	ZA-4116429	20260125	https://example.com/za/20260125/2000271
2000197	20260125	202601	2026	2026.068493	CIVFR	Civilians	FR					CIV			GOVFR	Government	FR					GOV			1	1412	141	14	4	-5.0	15	12	29	-1.08	3	Marseille, Provence-Alpes-Cote d'Azur, France	FR	FR-PAC		43.2965	5.3698	FR-883641	3	Marseille, Provence-Alpes-Cote d'Azur, France	FR	FR-PAC		43.2965	3	Marseille, Provence-Alpes-Cote d'Azur, France	FR	FR-PAC	43.2965	5.3698	FR-9037616	20260125	https://example.com/fr/20260125/2000197
2000216	20260125	202601	2026	2026.068493	CIVMX	Civilians	MX					CIV			GOVMX	Government	MX					GOV			1	1413	141	14	3	-1.5	62	13	25	-5.4	3	Guadalajara, Jalisco, Mexico	MX	MX-JAL		20.6597	-103.3496	MX-793939	3	Guadalajara, Jalisco, Mexico	MX	MX-JAL		20.6597	3	Guadalajara, Jalisco, Mexico	MX	MX-JAL	20.6597	-103.3496	MX-3231198	20260125	https://example.com/mx/20260125/2000216
2000274	20260125	202601	2026	2026.068493	CIVZA	Civilians	ZA					CIV			GOVZA	Government	ZA					GOV			1	1413	141	14	2	-1.7	23	15	32	-1.75	3	Cape Town, Western Cape, South Africa	ZA	ZA-WC		-33.9249	18.4241	ZA-692862	3	Cape Town, Western Cape, South Africa	ZA	ZA-WC		-33.9249	3	Cape Town, Western Cape, South Africa	ZA	ZA-WC	-33.9249	18.4241	ZA-1517756	20260125	https://example.com/za/20260125/2000274
2000300	20260125	202601	2026	2026.068493	CIVNZ	Civilians	NZ					CIV			GOVNZ	Government	NZ					GOV			1	141	141	14	2	-0.8	26	13	33	-1.21	3	Auckland, Auckland, New Zealand	NZ	NZ-AUK		-36.8485	174.7633	NZ-847245	3	Auckland, Auckland, New Zealand	NZ	NZ-AUK		-36.8485	3	Auckland, Auckland, New Zealand	NZ	NZ-AUK	-36.8485	174.7633	NZ-9406206	20260125	https://example.com/nz/20260125/2000300
2000160	20260125	202601	2026	2026.068493	CIVIR	Civilians	IR					CIV			GOVIR	Government	IR					GOV			1	1413	141	14	4	-5.3	15	14	39	1.46	3	Isfahan, Isfahan, Iran	IR	IR-04		32.6546	51.668	IR-289222	3	Isfahan, Isfahan, Iran	IR	IR-04		32.6546	3	Isfahan, Isfahan, Iran	IR	IR-04	32.6546	51.668	IR-5928582	20260125	https://example.com/ir/20260125/2000160
2000231	20260125	202601	2026	2026.068493	CIVBR	Civilians	BR					CIV			GOVBR	Government	BR					GOV			1	1413	141	14	3	-0.9	42	5	13	-3.53	3	Brasilia, Distrito Federal, Brazil	BR	BR-DF		-15.7975	-47.8919	BR-498290	3	Brasilia, Distrito Federal, Brazil	BR	BR-DF		-15.7975	3	Brasilia, Distrito Federal, Brazil	BR	BR-DF	-15.7975	-47.8919	BR-5122665	20260125	https://example.com/br/20260125/2000231
2000224	20260125	202601	2026	2026.068493	CIVMX	Civilians	MX					CIV			GOVMX	Government	MX					GOV			1	1413	141	14	3	-4.8	35	8	20	0.43	3	Monterrey, Nuevo Leon, Mexico	MX	MX-NLE		25.6866	-100.3161	MX-251363	3	Monterrey, Nuevo Leon, Mexico	MX	MX-NLE		25.6866	3	Monterrey, Nuevo Leon, Mexico	MX	MX-NLE	25.6866	-100.3161	MX-8768273	20260125	https://example.com/mx/20260125/2000224
2000298	20260125	202601	2026	2026.068493	CIVNZ	Civilians	NZ					CIV			GOVNZ	Government	NZ					GOV			1	141	141	14	1	-0.0	17	1	24	1.7	3	Wellington, Wellington, New Zealand	NZ	NZ-WGN		-41.2865	174.7762	NZ-238394	3	Wellington, Wellington, New Zealand	NZ	NZ-WGN		-41.2865	3	Wellington, Wellington, New Zealand	NZ	NZ-WGN	-41.2865	174.7762	NZ-7490068	20260125	https://example.com/nz/20260125/2000298
2000159	20260125	202601	2026	2026.068493	CIVIR	Civilians	IR					CIV			GOVIR	Government	IR					GOV			1	1413	141	14	4	-4.9	54	11	12	-2.28	3	Isfahan, Isfahan, Iran	IR	IR-04		32.6546	51.668	IR-621691	3	Isfahan, Isfahan, Iran	IR	IR-04		32.6546	3	Isfahan, Isfahan, Iran	IR	IR-04	32.6546	51.668	IR-7163058	20260125	https://example.com/ir/20260125/2000159
2000218	20260125	202601	2026	2026.068493	CIVMX	Civilians	MX					CIV			GOVMX	Government	MX					GOV			1	1411	141	14	4	-3.4	36	15	23	-4.84	3	Monterrey, Nuevo Leon, Mexico	MX	MX-NLE		25.6866	-100.3161	MX-297636	3	Monterrey, Nuevo Leon, Mexico	MX	MX-NLE		25.6866	3	Monterrey, Nuevo Leon, Mexico	MX	MX-NLE	25.6866	-100.3161	MX-2893218	20260125	https://example.com/mx/20260125/2000218
2000247	20260125	202601	2026	2026.068493	CIVIN	Civilians	IN					CIV			GOVIN	Government	IN					GOV			1	1412	141	14	3	-3.0	24	13	46	-0.12	3	Bengaluru, Karnataka, India	IN	IN-KA		12.9716	77.5946	IN-261771	3	Bengaluru, Karnataka, India	IN	IN-KA		12.9716	3	Bengaluru, Karnataka, India	IN	IN-KA	12.9716	77.5946	IN-7536772	20260125	https://example.com/in/20260125/2000247
2000205	20260125	202601	2026	2026.068493	CIVFR	Civilians	FR					CIV			GOVFR	Government	FR					GOV			1	1411	141	14	4	-3.2	27	20	41	0.73	3	Lyon, Auvergne-Rhone-Alpes, France	FR	FR-ARA		45.764	4.8357	FR-967161	3	Lyon, Auvergne-Rhone-Alpes, France	FR	FR-ARA		45.764	3	Lyon, Auvergne-Rhone-Alpes, France	FR	FR-ARA	45.764	4.8357	FR-8175669	20260125	https://example.com/fr/20260125/2000205
2000193	20260125	202601	2026	2026.068493	CIVFR	Civilians	FR					CIV			GOVFR	Government	FR					GOV			1	141	141	14	4	-3.4	22	17	14	-1.79	3	Lyon, Auvergne-Rhone-Alpes, France	FR	FR-ARA		45.764	4.8357	FR-794395	3	Lyon, Auvergne-Rhone-Alpes, France	FR	FR-ARA		45.764	3	Lyon, Auvergne-Rhone-Alpes, France	FR	FR-ARA	45.764	4.8357	FR-9025733	20260125	https://example.com/fr/20260125/2000193
2000154	20260125	202601	2026	2026.068493	CIVIR	Civilians	IR					CIV			GOVIR	Government	IR					GOV			1	141	141	14	4	-5.0	54	12	17	-0.4	3	Mashhad, Razavi Khorasan, Iran	IR	IR-30		36.2605	59.6168	IR-474440	3	Mashhad, Razavi Khorasan, Iran	IR	IR-30		36.2605	3	Mashhad, Razavi Khorasan, Iran	IR	IR-30	36.2605	59.6168	IR-2133461	20260125	https://example.com/ir/20260125/2000154
2000264	20260125	202601	2026	2026.068493	CIVZA	Civilians	ZA					CIV			GOVZA	Government	ZA					GOV			1	1412	141	14	3	-2.1	65	4	29	-0.59	3	Johannesburg, Gauteng, South Africa	ZA	ZA-GP		-26.2041	28.0473	ZA-574425	3	Johannesburg, Gauteng, South Africa	ZA	ZA-GP		-26.2041	3	Johannesburg, Gauteng, South Africa	ZA	ZA-GP	-26.2041	28.0473	ZA-6350413	20260125	https://example.com/za/20260125/2000264
2000244	20260125	202601	2026	2026.068493	CIVBR	Civilians	BR					CIV			GOVBR	Government	BR					GOV			1	1412	141	14	3	-1.4	11	4	28	-4.26	3	Brasilia, Distrito Federal, Brazil	BR	BR-DF		-15.7975	-47.8919	BR-179710	3	Brasilia, Distrito Federal, Brazil	BR	BR-DF		-15.7975	3	Brasilia, Distrito Federal, Brazil	BR	BR-DF	-15.7975	-47.8919	BR-6714198	20260125	https://example.com/br/20260125/2000244
2000185	20260125	202601	2026	2026.068493	CIVIR	Civilians	IR					CIV			GOVIR	Government	IR					GOV			1	1412	141	14	4	-6.3	75	10	5	-3.1	3	Isfahan, Isfahan, Iran	IR	IR-04		32.6546	51.668	IR-572230	3	Isfahan, Isfahan, Iran	IR	IR-04		32.6546	3	Isfahan, Isfahan, Iran	IR	IR-04	32.6546	51.668	IR-5692934	20260125	https://example.com/ir/20260125/2000185
2000246	20260125	202601	2026	2026.068493	CIVIN	Civilians	IN					CIV			GOVIN	Government	IN					GOV			1	1413	141	14	2	-2.3	14	6	44	0.14	3	Mumbai, Maharashtra, India	IN	IN-MH		19.076	72.8777	IN-498535	3	Mumbai, Maharashtra, India	IN	IN-MH		19.076	3	Mumbai, Maharashtra, India	IN	IN-MH	19.076	72.8777	IN-2437708	20260125	https://example.com/in/20260125/2000246
2000284	20260125	202601	2026	2026.068493	CIVJP	Civilians	JP					CIV			GOVJP	Government	JP					GOV			1	1412	141	14	1	0.2	15	16	21	0.12	3	Nagoya, Aichi, Japan	JP	JP-23		35.1815	136.9066	JP-911739	3	Nagoya, Aichi, Japan	JP	JP-23		35.1815	3	Nagoya, Aichi, Japan	JP	JP-23	35.1815	136.9066	JP-2562657	20260125	https://example.com/jp/20260125/2000284
2000198	20260125	202601	2026	2026.068493	CIVFR	Civilians	FR					CIV			GOVFR	Government	FR					GOV			1	1412	141	14	3	-5.3	76	23	18	-4.97	3	Paris, Ile-de-France, France	FR	FR-IDF		48.8566	2.3522	FR-745584	3	Paris, Ile-de-France, France	FR	FR-IDF		48.8566	3	Paris, Ile-de-France, France	FR	FR-IDF	48.8566	2.3522	FR-5014486	20260125	https://example.com/fr/20260125/2000198
2000292	20260125	202601	2026	2026.068493	CIVNZ	Civilians	NZ					CIV			GOVNZ	Government	NZ					GOV			1	141	141	14	1	-0.7	4	11	24	1.46	3	Wellington, Wellington, New Zealand	NZ	NZ-WGN		-41.2865	174.7762	NZ-243790	3	Wellington, Wellington, New Zealand	NZ	NZ-WGN		-41.2865	3	Wellington, Wellington, New Zealand	NZ	NZ-WGN	-41.2865	174.7762	NZ-7420993	20260125	https://example.com/nz/20260125/2000292
2000184	20260125	202601	2026	2026.068493	CIVIR	Civilians	IR					CIV			GOVIR	Government	IR					GOV			1	141	141	14	4	-6.4	60	5	17	-0.54	3	Isfahan, Isfahan, Iran	IR	IR-04		32.6546	51.668	IR-900961	3	Isfahan, Isfahan, Iran	IR	IR-04		32.6546	3	Isfahan, Isfahan, Iran	IR	IR-04	32.6546	51.668	IR-7765480	20260125	https://example.com/ir/20260125/2000184
2000243	20260125	202601	2026	2026.068493	CIVBR	Civilians	BR					CIV			GOVBR	Government	BR					GOV			1	1413	141	14	2	-1.8	22	18	22	-0.77	3	Sao Paulo, Sao Paulo, Brazil	BR	BR-SP		-23.5505	-46.6333	BR-875679	3	Sao Paulo, Sao Paulo, Brazil	BR	BR-SP		-23.5505	3	Sao Paulo, Sao Paulo, Brazil	BR	BR-SP	-23.5505	-46.6333	BR-3347981	20260125	https://example.com/br/20260125/2000243
2000285	20260125	202601	2026	2026.068493	CIVJP	Civilians	JP					CIV			GOVJP	Government	JP					GOV			1	141	141	14	2	-0.1	26	18	26	-1.52	3	Nagoya, Aichi, Japan	JP	JP-23		35.1815	136.9066	JP-550513	3	Nagoya, Aichi, Japan	JP	JP-23		35.1815	3	Nagoya, Aichi, Japan	JP	JP-23	35.1815	136.9066	JP-4554277	20260125	https://example.com/jp/20260125/2000285
2000255	20260125	202601	2026	2026.068493	CIVIN	Civilians	IN					CIV			GOVIN	Government	IN					GOV			1	1413	141	14	3	-2.4	78	8	21	-3.18	3	Delhi, Delhi, India	IN	IN-DL		28.7041	77.1025	IN-956156	3	Delhi, Delhi, India	IN	IN-DL		28.7041	3	Delhi, Delhi, India	IN	IN-DL	28.7041	77.1025	IN-7592357	20260125	https://example.com/in/20260125/2000255
2000217	20260125	202601	2026	2026.068493	CIVMX	Civilians	MX					CIV			GOVMX	Government	MX					GOV			1	1411	141	14	4	-3.9	33	1	49	-5.83	3	Guadalajara, Jalisco, Mexico	MX	MX-JAL		20.6597	-103.3496	MX-412856	3	Guadalajara, Jalisco, Mexico	MX	MX-JAL		20.6597	3	Guadalajara, Jalisco, Mexico	MX	MX-JAL	20.6597	-103.3496	MX-8767916	20260125	https://example.com/mx/20260125/2000217
2000195	20260125	202601	2026	2026.068493	CIVFR	Civilians	FR					CIV			GOVFR	Government	FR					GOV			1	1412	141	14	3	-5.0	33	10	50	-3.83	3	Lyon, Auvergne-Rhone-Alpes, France	FR	FR-ARA		45.764	4.8357	FR-317346	3	Lyon, Auvergne-Rhone-Alpes, France	FR	FR-ARA		45.764	3	Lyon, Auvergne-Rhone-Alpes, France	FR	FR-ARA	45.764	4.8357	FR-9204110	20260125	https://example.com/fr/20260125/2000195
2000214	20260125	202601	2026	2026.068493	CIVMX	Civilians	MX					CIV			GOVMX	Government	MX					GOV			1	141	141	14	3	-3.9	32	19	5	-5.66	3	Mexico City, Ciudad de Mexico, Mexico	MX	MX-CMX		19.4326	-99.1332	MX-461264	3	Mexico City, Ciudad de Mexico, Mexico	MX	MX-CMX		19.4326	3	Mexico City, Ciudad de Mexico, Mexico	MX	MX-CMX	19.4326	-99.1332	MX-2069713	20260125	https://example.com/mx/20260125/2000214
2000290	20260125	202601	2026	2026.068493	CIVJP	Civilians	JP					CIV			GOVJP	Government	JP					GOV			1	141	141	14	2	-0.1	1	7	31	-2.15	3	Osaka, Osaka, Japan	JP	JP-27		34.6937	135.5023	JP-722518	3	Osaka, Osaka, Japan	JP	JP-27		34.6937	3	Osaka, Osaka, Japan	JP	JP-27	34.6937	135.5023	JP-4794852	20260125	https://example.com/jp/20260125/2000290
2000263	20260125	202601	2026	2026.068493	CIVZA	Civilians	ZA					CIV			GOVZA	Government	ZA					GOV			1	141	141	14	2	-1.1	4	24	10	-0.93	3	Johannesburg, Gauteng, South Africa	ZA	ZA-GP		-26.2041	28.0473	ZA-459731	3	Johannesburg, Gauteng, South Africa	ZA	ZA-GP		-26.2041	3	Johannesburg, Gauteng, South Africa	ZA	ZA-GP	-26.2041	28.0473	ZA-8639213	20260125	https://example.com/za/20260125/2000263
2000240	20260125	202601	2026	2026.068493	CIVBR	Civilians	BR					CIV			GOVBR	Government	BR					GOV			1	1413	141	14	3	-2.6	60	21	22	-1.76	3	Brasilia, Distrito Federal, Brazil	BR	BR-DF		-15.7975	-47.8919	BR-999636	3	Brasilia, Distrito Federal, Brazil	BR	BR-DF		-15.7975	3	Brasilia, Distrito Federal, Brazil	BR	BR-DF	-15.7975	-47.8919	BR-2599906	20260125	https://example.com/br/20260125/2000240
2000168	20260125	202601	2026	2026.068493	CIVIR	Civilians	IR					CIV			GOVIR	Government	IR					GOV			1	1412	141	14	4	-4.5	49	23	5	-1.88	3	Mashhad, Razavi Khorasan, Iran	IR	IR-30		36.2605	59.6168	IR-404466	3	Mashhad, Razavi Khorasan, Iran	IR	IR-30		36.2605	3	Mashhad, Razavi Khorasan, Iran	IR	IR-30	36.2605	59.6168	IR-6032437	20260125	https://example.com/ir/20260125/2000168
2000241	20260125	202601	2026	2026.068493	CIVBR	Civilians	BR					CIV			GOVBR	Government	BR					GOV			1	1413	141	14	3	-1.0	39	2	5	-0.87	3	Brasilia, Distrito Federal, Brazil	BR	BR-DF		-15.7975	-47.8919	BR-393992	3	Brasilia, Distrito Federal, Brazil	BR	BR-DF		-15.7975	3	Brasilia, Distrito Federal, Brazil	BR	BR-DF	-15.7975	-47.8919	BR-1552000	20260125	https://example.com/br/20260125/2000241
2000152	20260125	202601	2026	2026.068493	CIVIR	Civilians	IR					CIV			GOVIR	Government	IR					GOV			1	1412	141	14	4	-5.6	59	1	40	-3.35	3	Shiraz, Fars, Iran	IR	IR-07		29.5918	52.5837	IR-698384	3	Shiraz, Fars, Iran	IR	IR-07		29.5918	3	Shiraz, Fars, Iran	IR	IR-07	29.5918	52.5837	IR-7988844	20260125	https://example.com/ir/20260125/2000152
2000166	20260125	202601	2026	2026.068493	CIVIR	Civilians	IR					CIV			GOVIR	Government	IR					GOV			1	1413	141	14	4	-6.5	76	4	17	-0.19	3	Shiraz, Fars, Iran	IR	IR-07		29.5918	52.5837	IR-838237	3	Shiraz, Fars, Iran	IR	IR-07		29.5918	3	Shiraz, Fars, Iran	IR	IR-07	29.5918	52.5837	IR-8487220	20260125	https://example.com/ir/20260125/2000166
2000278	20260125	202601	2026	2026.068493	CIVCA	Civilians	CA					CIV			GOVCA	Government	CA					GOV			1	141	141	14	2	0.0	25	8	14	1.15	3	Montreal, Quebec, Canada	CA	CA-QC		45.5019	-73.5674	CA-716482	3	Montreal, Quebec, Canada	CA	CA-QC		45.5019	3	Montreal, Quebec, Canada	CA	CA-QC	45.5019	-73.5674	CA-6882609	20260125	https://example.com/ca/20260125/2000278
2000268	20260125	202601	2026	2026.068493	CIVZA	Civilians	ZA					CIV			GOVZA	Government	ZA					GOV			1	141	141	14	3	-2.7	78	4	35	-4.6	3	Johannesburg, Gauteng, South Africa	ZA	ZA-GP		-26.2041	28.0473	ZA-441819	3	Johannesburg, Gauteng, South Africa	ZA	ZA-GP		-26.2041	3	Johannesburg, Gauteng, South Africa	ZA	ZA-GP	-26.2041	28.0473	ZA-4306357	20260125	https://example.com/za/20260125/2000268
2000235	20260125	202601	2026	2026.068493	CIVBR	Civilians	BR					CIV			GOVBR	Government	BR					GOV			1	141	141	14	3	-2.0	66	22	32	-5.88	3	Brasilia, Distrito Federal, Brazil	BR	BR-DF		-15.7975	-47.8919	BR-658065	3	Brasilia, Distrito Federal, Brazil	BR	BR-DF		-15.7975	3	Brasilia, Distrito Federal, Brazil	BR	BR-DF	-15.7975	-47.8919	BR-7901115	20260125	https://example.com/br/20260125/2000235
2000245	20260125	202601	2026	2026.068493	CIVBR	Civilians	BR					CIV			GOVBR	Government	BR					GOV			1	1412	141	14	3	-2.1	8	21	18	-0.12	3	Brasilia, Distrito Federal, Brazil	BR	BR-DF		-15.7975	-47.8919	BR-572436	3	Brasilia, Distrito Federal, Brazil	BR	BR-DF		-15.7975	3	Brasilia, Distrito Federal, Brazil	BR	BR-DF	-15.7975	-47.8919	BR-9230960	20260125	https://example.com/br/20260125/2000245
2000236	20260125	202601	2026	2026.068493	CIVBR	Civilians	BR					CIV			GOVBR	Government	BR					GOV			1	1412	141	14	3	-3.0	73	10	2	-2.23	3	Sao Paulo, Sao Paulo, Brazil	BR	BR-SP		-23.5505	-46.6333	BR-831758	3	Sao Paulo, Sao Paulo, Brazil	BR	BR-SP		-23.5505	3	Sao Paulo, Sao Paulo, Brazil	BR	BR-SP	-23.5505	-46.6333	BR-8223819	20260125	https://example.com/br/20260125/2000236
2000287	20260125	202601	2026	2026.068493	CIVJP	Civilians	JP					CIV			GOVJP	Government	JP					GOV			1	1413	141	14	2	-0.9	1	4	11	-0.51	3	Osaka, Osaka, Japan	JP	JP-27		34.6937	135.5023	JP-100708	3	Osaka, Osaka, Japan	JP	JP-27		34.6937	3	Osaka, Osaka, Japan	JP	JP-27	34.6937	135.5023	JP-8177281	20260125	https://example.com/jp/20260125/2000287
2000158	20260125	202601	2026	2026.068493	CIVIR	Civilians	IR					CIV			GOVIR	Government	IR					GOV			1	1411	141	14	4	-8.4	41	12	50	-5.64	3	Isfahan, Isfahan, Iran	IR	IR-04		32.6546	51.668	IR-787584	3	Isfahan, Isfahan, Iran	IR	IR-04		32.6546	3	Isfahan, Isfahan, Iran	IR	IR-04	32.6546	51.668	IR-6568772	20260125	https://example.com/ir/20260125/2000158
2000228	20260125	202601	2026	2026.068493	CIVMX	Civilians	MX					CIV			GOVMX	Government	MX					GOV			1	141	141	14	4	-1.7	66	8	45	-1.47	3	Ciudad Juarez, Chihuahua, Mexico	MX	MX-CHH		31.6904	-106.4245	MX-314447	3	Ciudad Juarez, Chihuahua, Mexico	MX	MX-CHH		31.6904	3	Ciudad Juarez, Chihuahua, Mexico	MX	MX-CHH	31.6904	-106.4245	MX-7654381	20260125	https://example.com/mx/20260125/2000228
2000229	20260125	202601	2026	2026.068493	CIVMX	Civilians	MX					CIV			GOVMX	Government	MX					GOV			1	1412	141	14	3	-4.0	44	9	24	-2.15	3	Ciudad Juarez, Chihuahua, Mexico	MX	MX-CHH		31.6904	-106.4245	MX-621433	3	Ciudad Juarez, Chihuahua, Mexico	MX	MX-CHH		31.6904	3	Ciudad Juarez, Chihuahua, Mexico	MX	MX-CHH	31.6904	-106.4245	MX-8818250	20260125	https://example.com/mx/20260125/2000229
2000209	20260125	202601	2026	2026.068493	CIVFR	Civilians	FR					CIV			GOVFR	Government	FR					GOV			1	1411	141	14	4	-5.0	33	5	31	-4.85	3	Lyon, Auvergne-Rhone-Alpes, France	FR	FR-ARA		45.764	4.8357	FR-884056	3	Lyon, Auvergne-Rhone-Alpes, France	FR	FR-ARA		45.764	3	Lyon, Auvergne-Rhone-Alpes, France	FR	FR-ARA	45.764	4.8357	FR-7268384	20260125	https://example.com/fr/20260125/2000209
2000280	20260125	202601	2026	2026.068493	CIVCA	Civilians	CA					CIV			GOVCA	Government	CA					GOV			1	1412	141	14	1	-0.4	23	10	19	0.08	3	Vancouver, British Columbia, Canada	CA	CA-BC		49.2827	-123.1207	CA-999695	3	Vancouver, British Columbia, Canada	CA	CA-BC		49.2827	3	Vancouver, British Columbia, Canada	CA	CA-BC	49.2827	-123.1207	CA-9630451	20260125	https://example.com/ca/20260125/2000280
2000206	20260125	202601	2026	2026.068493	CIVFR	Civilians	FR					CIV			GOVFR	Government	FR					GOV			1	1413	141	14	4	-4.9	17	6	9	-2.42	3	Lyon, Auvergne-Rhone-Alpes, France	FR	FR-ARA		45.764	4.8357	FR-360096	3	Lyon, Auvergne-Rhone-Alpes, France	FR	FR-ARA		45.764	3	Lyon, Auvergne-Rhone-Alpes, France	FR	FR-ARA	45.764	4.8357	FR-1114590	20260125	https://example.com/fr/20260125/2000206
2000269	20260125	202601	2026	2026.068493	CIVZA	Civilians	ZA					CIV			GOVZA	Government	ZA					GOV			1	1412	141	14	3	-2.2	54	20	26	-1.6	3	Cape Town, Western Cape, South Africa	ZA	ZA-WC		-33.9249	18.4241	ZA-464825	3	Cape Town, Western Cape, South Africa	ZA	ZA-WC		-33.9249	3	Cape Town, Western Cape, South Africa	ZA	ZA-WC	-33.9249	18.4241	ZA-6905327	20260125	https://example.com/za/20260125/2000269
2000173	20260125	202601	2026	2026.068493	CIVIR	Civilians	IR					CIV			GOVIR	Government	IR					GOV			1	141	141	14	3	-8.3	71	5	20	-4.77	3	Shiraz, Fars, Iran	IR	IR-07		29.5918	52.5837	IR-438334	3	Shiraz, Fars, Iran	IR	IR-07		29.5918	3	Shiraz, Fars, Iran	IR	IR-07	29.5918	52.5837	IR-4782763	20260125	https://example.com/ir/20260125/2000173
2000213	20260125	202601	2026	2026.068493	CIVMX	Civilians	MX					CIV			GOVMX	Government	MX					GOV			1	1413	141	14	3	-3.4	77	2	36	-2.53	3	Monterrey, Nuevo Leon, Mexico	MX	MX-NLE		25.6866	-100.3161	MX-946112	3	Monterrey, Nuevo Leon, Mexico	MX	MX-NLE		25.6866	3	Monterrey, Nuevo Leon, Mexico	MX	MX-NLE	25.6866	-100.3161	MX-6170227	20260125	https://example.com/mx/20260125/2000213
2000165	20260125	202601	2026	2026.068493	CIVIR	Civilians	IR					CIV			GOVIR	Government	IR					GOV			1	1412	141	14	3	-6.2	55	11	42	-3.91	3	Isfahan, Isfahan, Iran	IR	IR-04		32.6546	51.668	IR-218959	3	Isfahan, Isfahan, Iran	IR	IR-04		32.6546	3	Isfahan, Isfahan, Iran	IR	IR-04	32.6546	51.668	IR-1434753	20260125	https://example.com/ir/20260125/2000165
2000212	20260125	202601	2026	2026.068493	CIVMX	Civilians	MX					CIV			GOVMX	Government	MX					GOV			1	1413	141	14	3	-4.2	19	22	14	-0.62	3	Ciudad Juarez, Chihuahua, Mexico	MX	MX-CHH		31.6904	-106.4245	MX-612573	3	Ciudad Juarez, Chihuahua, Mexico	MX	MX-CHH		31.6904	3	Ciudad Juarez, Chihuahua, Mexico	MX	MX-CHH	31.6904	-106.4245	MX-2525747	20260125	https://example.com/mx/20260125/2000212
2000262	20260125	202601	2026	2026.068493	CIVZA	Civilians	ZA					CIV			GOVZA	Government	ZA					GOV			1	1413	141	14	2	-2.5	25	22	38	0.61	3	Cape Town, Western Cape, South Africa	ZA	ZA-WC		-33.9249	18.4241	ZA-258067	3	Cape Town, Western Cape, South Africa	ZA	ZA-WC		-33.9249	3	Cape Town, Western Cape, South Africa	ZA	ZA-WC	-33.9249	18.4241	ZA-6787592	20260125	https://example.com/za/20260125/2000262
2000291	20260125	202601	2026	2026.068493	CIVJP	Civilians	JP					CIV			GOVJP	Government	JP					GOV			1	141	141	14	2	-0.1	28	14	45	-1.91	3	Nagoya, Aichi, Japan	JP	JP-23		35.1815	136.9066	JP-174268	3	Nagoya, Aichi, Japan	JP	JP-23		35.1815	3	Nagoya, Aichi, Japan	JP	JP-23	35.1815	136.9066	JP-4841091	20260125	https://example.com/jp/20260125/2000291
2000167	20260125	202601	2026	2026.068493	CIVIR	Civilians	IR					CIV			GOVIR	Government	IR					GOV			1	1413	141	14	4	-4.8	30	4	9	0.4	3	Shiraz, Fars, Iran	IR	IR-07		29.5918	52.5837	IR-574001	3	Shiraz, Fars, Iran	IR	IR-07		29.5918	3	Shiraz, Fars, Iran	IR	IR-07	29.5918	52.5837	IR-3896693	20260125	https://example.com/ir/20260125/2000167
2000251	20260125	202601	2026	2026.068493	CIVIN	Civilians	IN					CIV			GOVIN	Government	IN					GOV			1	1412	141	14	2	-2.8	10	9	32	-1.84	3	Bengaluru, Karnataka, India	IN	IN-KA		12.9716	77.5946	IN-275329	3	Bengaluru, Karnataka, India	IN	IN-KA		12.9716	3	Bengaluru, Karnataka, India	IN	IN-KA	12.9716	77.5946	IN-8292657	20260125	https://example.com/in/20260125/2000251
2000234	20260125	202601	2026	2026.068493	CIVBR	Civilians	BR					CIV			GOVBR	Government	BR					GOV			1	141	141	14	3	-0.9	5	14	9	0.32	3	Sao Paulo, Sao Paulo, Brazil	BR	BR-SP		-23.5505	-46.6333	BR-342675	3	Sao Paulo, Sao Paulo, Brazil	BR	BR-SP		-23.5505	3	Sao Paulo, Sao Paulo, Brazil	BR	BR-SP	-23.5505	-46.6333	BR-2140312	20260125	https://example.com/br/20260125/2000234
2000294	20260125	202601	2026	2026.068493	CIVNZ	Civilians	NZ					CIV			GOVNZ	Government	NZ					GOV			1	1413	141	14	1	0.1	20	22	29	1.37	3	Christchurch, Canterbury, New Zealand	NZ	NZ-CAN		-43.5321	172.6362	NZ-190898	3	Christchurch, Canterbury, New Zealand	NZ	NZ-CAN		-43.5321	3	Christchurch, Canterbury, New Zealand	NZ	NZ-CAN	-43.5321	172.6362	NZ-2685524	20260125	https://example.com/nz/20260125/2000294
2000203	20260125	202601	2026	2026.068493	CIVFR	Civilians	FR					CIV			GOVFR	Government	FR					GOV			1	1412	141	14	4	-5.6	41	15	42	-1.93	3	Paris, Ile-de-France, France	FR	FR-IDF		48.8566	2.3522	FR-617904	3	Paris, Ile-de-France, France	FR	FR-IDF		48.8566	3	Paris, Ile-de-France, France	FR	FR-IDF	48.8566	2.3522	FR-3251501	20260125	https://example.com/fr/20260125/2000203
2000281	20260125	202601	2026	2026.068493	CIVCA	Civilians	CA					CIV			GOVCA	Government	CA					GOV			1	1413	141	14	2	-0.1	30	2	18	1.4	3	Vancouver, British Columbia, Canada	CA	CA-BC		49.2827	-123.1207	CA-233051	3	Vancouver, British Columbia, Canada	CA	CA-BC		49.2827	3	Vancouver, British Columbia, Canada	CA	CA-BC	49.2827	-123.1207	CA-3226183	20260125	https://example.com/ca/20260125/2000281
2000171	20260125	202601	2026	2026.068493	CIVIR	Civilians	IR					CIV			GOVIR	Government	IR					GOV			1	1413	141	14	4	-5.6	72	14	50	-2.93	3	Tehran, Tehran, Iran	IR	IR-23		35.6892	51.389	IR-702826	3	Tehran, Tehran, Iran	IR	IR-23		35.6892	3	Tehran, Tehran, Iran	IR	IR-23	35.6892	51.389	IR-2237331	20260125	https://example.com/ir/20260125/2000171
2000230	20260125	202601	2026	2026.068493	CIVMX	Civilians	MX					CIV			GOVMX	Government	MX					GOV			1	1413	141	14	3	-2.3	45	7	24	-3.65	3	Mexico City, Ciudad de Mexico, Mexico	MX	MX-CMX		19.4326	-99.1332	MX-147936	3	Mexico City, Ciudad de Mexico, Mexico	MX	MX-CMX		19.4326	3	Mexico City, Ciudad de Mexico, Mexico	MX	MX-CMX	19.4326	-99.1332	MX-4712363	20260125	https://example.com/mx/20260125/2000230
2000297	20260125	202601	2026	2026.068493	CIVNZ	Civilians	NZ					CIV			GOVNZ	Government	NZ					GOV			1	1412	141	14	1	0.1	21	2	16	-0.27	3	Auckland, Auckland, New Zealand	NZ	NZ-AUK		-36.8485	174.7633	NZ-218220	3	Auckland, Auckland, New Zealand	NZ	NZ-AUK		-36.8485	3	Auckland, Auckland, New Zealand	NZ	NZ-AUK	-36.8485	174.7633	NZ-5044680	20260125	https://example.com/nz/20260125/2000297
2000222	20260125	202601	2026	2026.068493	CIVMX	Civilians	MX					CIV			GOVMX	Government	MX					GOV			1	1411	141	14	3	-2.0	57	10	18	-5.54	3	Guadalajara, Jalisco, Mexico	MX	MX-JAL		20.6597	-103.3496	MX-720407	3	Guadalajara, Jalisco, Mexico	MX	MX-JAL		20.6597	3	Guadalajara, Jalisco, Mexico	MX	MX-JAL	20.6597	-103.3496	MX-3938247	20260125	https://example.com/mx/20260125/2000222
2000190	20260125	202601	2026	2026.068493	CIVFR	Civilians	FR					CIV			GOVFR	Government	FR					GOV			1	141	141	14	4	-4.9	65	9	42	-0.13	3	Lyon, Auvergne-Rhone-Alpes, France	FR	FR-ARA		45.764	4.8357	FR-913864	3	Lyon, Auvergne-Rhone-Alpes, France	FR	FR-ARA		45.764	3	Lyon, Auvergne-Rhone-Alpes, France	FR	FR-ARA	45.764	4.8357	FR-4817541	20260125	https://example.com/fr/20260125/2000190
2000296	20260125	202601	2026	2026.068493	CIVNZ	Civilians	NZ					CIV			GOVNZ	Government	NZ					GOV			1	1412	141	14	1	-0.1	25	23	2	1.32	3	Christchurch, Canterbury, New Zealand	NZ	NZ-CAN		-43.5321	172.6362	NZ-790388	3	Christchurch, Canterbury, New Zealand	NZ	NZ-CAN		-43.5321	3	Christchurch, Canterbury, New Zealand	NZ	NZ-CAN	-43.5321	172.6362	NZ-6060836	20260125	https://example.com/nz/20260125/2000296
2000288	20260125	202601	2026	2026.068493	CIVJP	Civilians	JP					CIV			GOVJP	Government	JP					GOV			1	1411	141	14	1	0.3	29	21	20	-1.78	3	Tokyo, Tokyo, Japan	JP	JP-13		35.6762	139.6503	JP-387330	3	Tokyo, Tokyo, Japan	JP	JP-13		35.6762	3	Tokyo, Tokyo, Japan	JP	JP-13	35.6762	139.6503	JP-2565985	20260125	https://example.com/jp/20260125/2000288
2000172	20260125	202601	2026	2026.068493	CIVIR	Civilians	IR					CIV			GOVIR	Government	IR					GOV			1	141	141	14	4	-4.6	62	15	44	-2.12	3	Shiraz, Fars, Iran	IR	IR-07		29.5918	52.5837	IR-234568	3	Shiraz, Fars, Iran	IR	IR-07		29.5918	3	Shiraz, Fars, Iran	IR	IR-07	29.5918	52.5837	IR-4052834	20260125	https://example.com/ir/20260125/2000172
2000253	20260125	202601	2026	2026.068493	CIVIN	Civilians	IN					CIV			GOVIN	Government	IN					GOV			1	141	141	14	2	-2.9	13	11	40	-0.79	3	Bengaluru, Karnataka, India	IN	IN-KA		12.9716	77.5946	IN-445549	3	Bengaluru, Karnataka, India	IN	IN-KA		12.9716	3	Bengaluru, Karnataka, India	IN	IN-KA	12.9716	77.5946	IN-8385715	20260125	https://example.com/in/20260125/2000253
2000259	20260125	202601	2026	2026.068493	CIVIN	Civilians	IN					CIV			GOVIN	Government	IN					GOV			1	1413	141	14	2	-1.7	18	2	24	0.66	3	Mumbai, Maharashtra, India	IN	IN-MH		19.076	72.8777	IN-951755	3	Mumbai, Maharashtra, India	IN	IN-MH		19.076	3	Mumbai, Maharashtra, India	IN	IN-MH	19.076	72.8777	IN-2425760	20260125	https://example.com/in/20260125/2000259
2000257	20260125	202601	2026	2026.068493	CIVIN	Civilians	IN					CIV			GOVIN	Government	IN					GOV			1	1412	141	14	2	-2.1	27	23	5	1.19	3	Bengaluru, Karnataka, India	IN	IN-KA		12.9716	77.5946	IN-934306	3	Bengaluru, Karnataka, India	IN	IN-KA		12.9716	3	Bengaluru, Karnataka, India	IN	IN-KA	12.9716	77.5946	IN-7864256	20260125	https://example.com/in/20260125/2000257
